1,2,3,4,5
GOHAN,LOUIS ARMSTRONG,SHARPEVILLE,RAINFOREST,WIMPY
AMISH,3D PRINTING,GETTYSBURG ADDRESS,FORBIDDEN CITY,YOU
LEKKER,RON WEASLEY,WOODEN SPOON,HILLSONG CHURCH,DISCOVERY CHANNEL
SOUTH PARK,BRAAIBROODJIES,THEY WERE ALL YELLOW,GLASGOW,PRONUTRO
MONOPOLY,STEP BROTHERS ,SATELLITE,SMOSH,BLACK DEATH
CORAL REEF,PARTY IN THE USA,7 CARDS,"KAPTEIN, VAN DIE SAILOR ",UNO
HALLOWEEN,IMAM HARON,WAR AND PEACE,I'M EVERY WOMEN,LIONEL MESSI
GEES,PLUTO,THE OFFICE,KASHMIR,POTATO WARRAS
SCOOBY-DOO,THE WITCHER,CHEESE BOY,MAXWELL'S EQUATION,GRAND THEFT AUTO
AUDREY HEPBURN,AT&T,STAR WARS,JAN SMUTS,RICK AND MORTY
ANDON CORD,BLEACH,BENNI MCCARTHY,OLIVER TAMBO,CRISTIANO RONALDO
PUMA,HOUSE OF CRONIES,HOME ALONE,TETRIS,MUVHANGO
DALLAS,PERLEMOEN,NETCARE,KUCH KUCH HOTA HAI,SUPERSTORE
AMASIE,DJIBOUTI,HANOI,"BAA, BAA, BLACK SHEEP",TOM HANKS
MASCARA,JOHANNESBURG,GANGNAM STYLE,"CROUCHING TIGER, HIDDEN DRAGON",LUCIANO PAVAROTTI
KLEIN KAROO,DONALD BRADMAN,ALTERED CARBON,Y2K,"STOP, DROP, ROLL"
PADEL,BUCHU,MRS BALL'S,HOW TO TRAIN YOUR DRAGON,DIWALI
LITTLE PRINCE,SHURE,CHRIS HANI,ARISTOTLE,OOPS!... I DID IT AGAIN
